,BPCL,TCS,SUNPHARMA,BAJFINANCE,BAJAJ-AUTO,ICICIBANK,LT,DIVISLAB,ULTRACEMCO,TATASTEEL
0,0.9898284316337232,0.980192799056931,0.9763830049662473,0.9921258871474956,1.008512523897315,1.0038679885482662,1.0066273557243606,1.0087391444760219,0.9946403131254786,0.9833572609432839
1,1.0036569015064793,0.9950147805094,0.9935845706281408,1.0049185331248298,1.004356468051493,1.0073223327910992,0.9909808880035857,1.0132392399107835,1.0579342638636973,1.0133514042681862
2,1.027555934319025,1.0026814588678954,1.0061642101281874,1.001195847087278,0.962195428653884,0.9967190998231922,1.007224788445935,0.9938994316256243,1.0174688916290957,0.9899824299590286
3,0.9971897146089481,1.0202961908558672,1.013616254397841,1.0242234375494472,0.9955399970734454,1.0156409384563074,1.0319292846953645,0.9995429924580507,1.00470728352253,1.0089845493512588
4,0.9887311084740221,0.9878236997896783,1.0011802891708468,0.9872865476186375,1.0105294193273233,1.0078821110349554,1.0030922988815492,1.0017022719333837,1.0042210286331046,0.9832067676430842
5,0.9731109747846969,0.9933033192324334,0.9864935950216176,1.009451475675546,0.9782140687797217,0.9955646537018082,0.9933860404242454,0.9966070077242749,1.0091118400923635,1.0401014731007345
6,1.0055891423066938,1.020000653967585,1.0155492056155808,1.0407674997243053,0.9993944607945762,1.0177083333333334,1.006308750333747,0.9940901922116508,0.9947106443641724,1.0206603282897746
7,1.0410441493692137,1.0435767798583535,1.019529851967488,1.0577147389539494,0.9999355877616747,1.0465116279069768,1.0346267583088364,1.0155146289018826,1.0289200088063197,1.0320076925402066
8,1.0116131866236877,1.0028188468301338,1.005393627383639,0.9967446402827512,1.0541861886331227,1.0036469730123998,0.9918428282220647,0.9853927640501786,0.986653981872089,0.9957837857957927
9,1.0009553751368432,1.001325515371387,1.0033442782935957,0.980090941316874,0.9955787844502607,0.9974536194979993,0.9899381860367708,0.9845158767416774,0.9953155294326397,1.0381428374016282
10,1.007540529919908,1.0204646877237826,1.0094525072892282,1.0380496028850907,1.010907043632646,1.0128960943257186,1.0215725747317015,1.004544361905323,1.0280665194559635,1.0641566350181175
11,1.0353820395232038,1.0171906178040795,1.026720381295087,0.9749702637244106,1.0080601828059255,0.9878430867252862,1.0251351216278992,1.02382284419222,1.0247136924921085,0.9944854967453693
12,1.0167201905459724,0.992449556375354,0.9852229435498693,0.9906953927359369,1.0035951825040572,1.0013119955724041,1.0123317718043299,0.9853970944395247,0.970749816115177,1.0525887951171877
13,0.9829016460646005,0.9690063511756138,0.9851366759647373,0.9858177002935151,0.9919621291192305,0.9854188137697282,0.9810037998583943,0.9816780244000904,0.9842034178156296,0.9735533015539631
14,0.9846355613493619,0.9965869777171067,1.0100704615556566,1.020139312214275,1.0026405451333642,1.0138362952778912,1.0145731522083685,0.9999721920064633,1.0016543048841753,1.0557213451184617
15,0.9935043844116723,0.974054008586389,0.9810885729671609,0.9984306957699856,0.9605923312829813,0.982049562483184,0.9895937573981077,0.9818072851966401,0.9999353807759973,0.996196366275155
16,1.0011380462279558,1.0047675292904241,1.0003638719827899,0.97501676029596,0.9925131319975912,0.9799565666153228,0.9996321190977061,0.9960065332323078,0.9893934125648558,0.9864570984452621
17,0.9763491675967263,0.9934836172703992,0.986776702560533,0.9905250312944196,0.9876075173208518,0.9945633742083553,0.9733363250812279,1.0020553019446248,0.9834629386605818,0.9827159078561529
18,0.9887005460309191,0.998960278687398,1.0085083864782154,1.0116476476686842,0.9928516202550463,1.0099253666255499,0.9898807920258621,1.016604630148687,0.9977569422636938,0.9874275146750177
19,1.006953262482524,1.0084029485925392,0.9879575098675442,1.0115096135467405,1.005546134090333,1.0107434902781482,1.0023257158273515,1.0083999198223228,0.991892599848535,0.9969373382345152
20,1.0259403377377667,1.0071622850981936,1.0097520308923433,1.0207943347259514,1.0434225292536,0.993707562033061,0.9933579492469519,0.987040049043323,1.0019617285294438,1.0167810599195855
21,0.9687450541345494,0.9855207991957964,1.0016279476465932,0.9619015556311804,1.0226231853972036,1.0046881484280608,0.9911585890670688,0.9980343510361656,0.9851713217968667,0.9933550804064815
22,1.0063221114632934,1.024744609084834,0.999819116940383,0.9971760114211835,0.9850125953274679,0.9775031916107296,0.9939622386972087,0.9994504815229445,0.9969610338027258,1.0214148006768828
23,1.0103800700627439,1.0058296799786548,0.9923427094132818,0.9945593095975283,0.9991853913515715,1.0009034170100468,1.0107354632856516,1.00817163186133,0.9963524306647381,0.9934895359813123
24,0.9744787363803549,0.9863681818072912,0.9977318558118954,0.9568002282997626,0.9760670948809249,0.9910462154546444,1.0056228511793357,0.9904658693112197,0.9831676782693074,1.002330559255985
25,0.9754098170807463,0.991757502060216,0.9861675203588834,1.0095551722718712,0.9940851136419774,0.9783692886887213,0.9658928980171511,0.9968275205597207,0.9981502705518874,0.9535000271267361
26,1.0126037696199515,1.0068597427060049,0.9903812523229758,0.9978716884178449,0.9922875816993464,0.9818710970150442,0.9547542280984896,0.9959414522686232,0.9999571851833641,1.0159160596048733
27,1.0297562332323584,1.0487025178128644,1.0005249486229586,1.001996109410987,0.9938807996441943,0.9820662926667074,1.0147023157978803,0.983182012483398,0.9974121531633001,0.9705833454603996
28,1.0234893897403785,1.0094336882409567,1.006634599079427,0.9979484630099019,1.000181907079047,1.012633208682076,1.0055933484504913,1.0126510588895044,1.0130475615510999,1.011805813681574
29,0.9940418482978562,1.015121333170506,0.9900598167930654,0.9990899491834999,0.9966587056028622,1.0088953957759492,1.0039459705569889,0.9758256334085262,0.9965338385433112,0.9969608053928947
30,1.0142087414347178,1.0133388912046686,0.9775542681531896,1.0082406173855873,0.9993658233581382,1.0010632479625339,1.0006682110194234,1.0120520647628475,1.0111420812026377,0.9965308102332697
31,0.9809355588251487,1.001385795167441,1.001707650225762,0.985740111091575,0.9871848556267914,1.0015974603135396,0.9770306248433684,1.001622976011837,0.9876012773401942,1.0273818270371833
32,0.9882837814044542,0.9775094165680595,0.9950159000455966,0.9761378900235044,0.9822542512505156,0.9730570106308695,0.9752264357807997,0.997137864272191,0.9706890043262484,0.9773304982324491
33,0.9976307059582308,0.9965032121655688,1.0085684909226504,0.9989860796038594,0.9955147548296165,0.9889194592409639,0.9987570676648327,0.996056737806401,0.9830015209621512,0.9835227647541803
34,0.9982654736677383,0.9713883823840137,1.008991340395353,0.9986089643146494,0.9999874942023427,0.9968714707594751,0.9941665549995194,1.0031002627073644,0.9994826897119806,0.9903064083790628
35,0.9826464025668431,0.9960658421276232,0.997527713041219,0.9692830581308619,0.9864433518595891,0.9963104015088263,0.985723551599784,0.9860719205017129,0.9931981349627267,0.9937386376692515
36,1.007493051843679,1.0019867703652239,0.9944540016169954,1.0013821599239006,1.0006289428605561,0.9824386125775375,0.9985292176009404,0.999407387897544,0.949215787994301,0.9981304092144466
37,1.0099321896802953,1.0013420699455278,1.0070824259653057,1.0050184679621006,1.0082936718267608,0.9989386482767113,0.9917529515136116,1.0059481098167713,1.0118755258782794,0.9743416639354541
38,0.9959176691451915,1.0163195543021137,1.000806720627188,0.9940217905570511,1.024340177886318,1.0057767633952164,1.017815817942541,1.0236778000618727,0.9973826693247914,1.0117957112435985
39,0.9810536235956719,0.9771233538490512,0.970525754378146,0.9793788800909942,1.0107496424811027,0.9947532639512414,0.9747307356484919,0.9737353055092948,0.9792359715570301,0.9896809936630065
40,0.9955528853128685,0.9780248727668303,0.9990501473888056,0.903873330326339,1.0066351578192834,0.9826909206868126,0.9974462314581887,0.9835829353902034,1.0099053656799304,0.9560538505254473
41,0.9871329090006995,0.9874617936436039,0.9487382994112166,0.981620452177786,0.9856429506385564,0.9951136084543164,0.9962390151574995,1.0046977152033096,0.9887621001585377,0.9326208168883601
42,0.9884782098643152,1.0009396912421915,1.0266681176384689,0.9928522376609626,0.9851886097367333,0.994170453381343,0.9963355361642812,1.0096042241886676,0.9830495596326683,0.9939953669664766
43,0.9970162613211657,1.0021264961103855,1.001580825518704,0.9889810671052701,0.9942695804455343,1.0069092319340416,1.01207434357892,0.9922351036810986,1.000954715295163,1.0116822429906542
44,1.0037436358875391,0.9857164392358512,1.0225752508361203,1.0062428205990461,0.9981890619119947,0.9914524880003535,1.00181584529631,1.0010599224214487,1.0073605658196478,0.9995329000436027
45,0.999850222162843,0.9953948787920135,0.9765922700054437,0.9972255328656634,0.997943515192957,1.0055470744199557,1.005449173290952,0.9826910468017367,1.002223782615392,0.9939647733063839
46,0.9927170578659196,0.9969985297366476,1.002783981395256,1.0016358928787958,0.9996511060152243,0.9785850489792194,0.9958880104133161,0.993852551217143,0.9723771423382468,1.0032603491299115
47,1.0330109018930833,0.9972143897584003,1.0060962078692175,0.9948925391568673,0.9976259915927718,1.001493518109527,0.9769354397403394,0.9935493331332722,1.0145780597396783,1.0013992680051225
48,0.9919281328205364,1.0060221960712157,0.9898880203658458,1.0269673393015188,0.9969762952731288,0.9860972161496686,0.9862544809506423,0.9971637077002168,1.0124627893429108,0.981684981173141
49,0.9998476677033131,0.9800584368151936,0.9985343080138654,0.9768340693071884,1.0003347211246436,0.9872629847021636,0.993573092765395,1.0001899671966474,0.9997801768517935,1.0009165763109047
50,0.9833782932182701,1.0061589425030193,1.0083200782575663,1.001306576886796,0.9988855869242199,0.9831884586040791,1.0112107415795646,1.0595378939840518,1.0057628548921849,0.9684864358306975
51,0.9653078918423132,1.0026085706910783,0.9987426597314639,1.003197843067651,0.9870085663902706,0.9944839629389394,0.9986748481746796,0.9984458604426246,0.9854717254638672,0.9969026683706098
52,0.979470479611207,0.9975301678153595,0.993266711241068,0.9679823574984685,1.0057154798687657,0.9954712708746108,0.9963356539652231,0.9956248258534274,1.0069819892526934,1.0044444444444445
53,1.0175767362572408,1.0058706388632164,1.004417766886249,1.0051881411085701,1.0017854284841978,0.9979098682217081,0.9794937601778951,1.001282136062157,0.9859634849730766,0.9995557258960285
54,1.0260162240738175,0.9986709000959907,1.0170855104356678,1.025548817357259,0.9965885444238505,1.0168887301925005,0.9785646037275123,1.0128240211867723,1.0084843878244025,1.0227169462123888
55,1.0137869209880543,1.0093007857142493,1.0236215866007816,1.0280898868679695,1.0081526995189314,1.0212965965550749,1.0294579127933827,1.032270691628492,1.0278391657808272,1.0475963812922169
56,0.9998501099529002,1.0212963371771766,0.9911638491610002,0.9853628762099996,0.9943781191083343,0.9865146150192969,1.0019178900361154,1.013687923689174,0.9957046674934238,0.9763011574486538
57,1.012593004302187,1.0089852086941613,1.0083995736822502,1.004291587368899,0.9996802437857406,0.9892362721741677,0.991390959427473,1.0101955149872108,0.9980102183935736,1.009854485145845
58,0.9992419647991105,1.0115437657846111,1.0042174994397748,1.018411698601281,1.0006891664583064,1.001089026461419,1.00822724903936,0.9889135019217913,1.0051428628308994,1.002823558134191
59,1.0021269573882443,0.9987586121095481,0.9967618740646049,0.9978830383163979,1.0021088321413936,1.0017224551209187,0.9855673351277212,0.9856028146777004,0.9935401059838889,0.989753157990158
60,1.0088902323358708,1.0286188252210966,1.001023627425718,1.0140357676781493,1.0060420722374666,1.0175264362071526,1.0127026438554678,1.0014096634696803,1.0016676295255305,1.0238435864223407
61,0.9925453164918518,0.9755228326593359,0.9845473512327421,0.9532044616124894,0.9865845630762393,0.9645553785194356,0.9786736020806241,0.9877579317344637,0.9743105504825633,0.968144002950878
62,0.9918514798331172,1.0253695923653685,1.0243161241047045,1.017399384333034,1.0020975023245855,1.0148110168337947,1.0049923150484281,1.0076823035284195,1.0068375571287222,1.017857156942021
63,1.029197060226976,1.0004152980030288,1.0026450322871103,0.9987413279122946,1.0112630299894019,1.0022351571725192,0.9858026030259598,1.0002918302062516,1.008361839604713,1.008530820150511
64,0.991378020652906,0.9990425735324253,0.9829866739675185,0.9991870574056485,1.0187658756353493,0.9886112667528516,0.9858511057833367,1.0015029997477558,1.0085173610689981,0.9869036341824562
65,1.0015420200462606,1.0020306210058916,0.9964516762443678,1.0107945383500032,1.0069349011750488,0.9986419824886815,1.0030830793493712,1.0020220331892344,1.0040720799495806,0.9843462525586748
66,0.9920452621845991,0.9928403453997524,0.9932867132867133,0.9934207908541478,1.0217778534517554,1.008502638784797,1.002144973849423,0.9984823093482278,0.9593401351939387,1.0092936804291917
67,0.9617478306119545,0.9936744418767907,0.9993850074913608,0.9874408515745139,0.9997529778795881,0.9748553895272825,0.9917443027620694,1.0063193726726969,0.9784887819821877,1.016532829714002
68,1.0039882011920698,0.9850822800936061,1.0048314469583919,1.0106880754562462,0.9994803305229821,0.9972815398535022,1.0126426590147775,0.9903968643751734,1.020048204426501,1.001419125167547
69,0.9880326735829748,0.9921984461033749,1.0025909516293128,0.9854533475935485,0.9943932121804238,0.9934413446572206,0.9938070114364308,0.9796084828711257,0.9874883262357842,0.9809744496356585
70,1.004544842005647,1.0042113283181948,0.9972476412516599,0.9842573003270091,1.0009828136113086,0.996923090337397,0.9852110620770167,1.0028356151343751,0.9961284010574625,1.0
71,1.0145768079293593,1.0349154591469725,1.0072418946693777,0.989309743779666,1.0042205051620026,0.9911774580096594,1.0191667693863227,0.9997410554144739,1.002988736456023,0.9871736004919159
72,1.0143331324305447,1.005170101368276,1.0108086610305078,1.0131527819332957,1.0218285562632696,1.000544899752946,0.9981609320122925,1.0175013101029846,1.0126214383955383,1.0200934722044757
73,1.0314348163312836,1.0317911882330173,1.0072000461815462,1.0154245481262214,1.0212627421050413,1.0093499067520286,1.01953125,1.0088843496750723,1.0476208700271894,1.0122989885458025
74,1.0012464752386796,0.9933636762637973,0.9922272526916236,0.9703846003778137,0.9949572032166453,1.0110097456011011,1.0048673517903326,0.9873326526673959,1.0033359604885133,1.0252182202968094
75,0.9938061318123123,0.9962174785990506,0.9593179054504236,0.9817560564647386,0.983986070134164,0.9808562991077514,0.9886169604409311,0.9966956258791276,0.9961756139404631,0.9744801086979568
76,1.0089048780259888,1.0130281548355293,1.0073456583494214,0.9928159517463976,1.0101860287903475,1.0016388964763725,1.0195447082956488,1.0161877321674082,1.027067891877846,1.0129249032356082
77,1.0132973930925828,0.9979384347365832,0.9970264182741947,0.9962562710164521,1.0004559509123405,1.013117085749055,1.0039455955062195,0.9982122995699018,1.0119162257300292,1.0082046185969147
78,1.0125019834713007,1.0085008142387104,0.9857779004091229,1.0282930146735765,1.008110519557718,1.0239728244987956,1.0168834186919409,0.9828419265567434,1.0161971520725321,0.9932885469112658
79,1.0231223957090023,0.9958756833027016,1.0226490097728758,1.0341139062392382,1.0348020428993565,1.0246211166686976,1.0029166461727168,0.9925340865548365,0.9939858668701442,1.0445668968016064
80,0.9814904229423033,0.9923610832984411,1.0039569611507142,1.0022988053210073,1.009204127320108,1.009970089873562,1.0055670216553483,0.9972284247303936,0.9974567445115519,1.0225294102802358
81,1.015196058485243,0.9940045948125232,0.97744734790818,1.0056022350095453,0.9988719365717695,1.00359033289343,1.003132746821197,0.9937488636305204,1.0032237263729846,1.0257353430270455
82,1.0090684253915911,1.0127947996166147,0.9861931487562555,1.013758401069707,1.0199039181245855,1.0066358282070507,1.0109886814496696,1.0026261815735014,0.9995223842552678,0.982963329355965
83,0.9949147380083835,0.9975869930997396,0.9810783621513972,0.9685103772620385,0.9855290060723904,0.9790023485081931,0.9825729544716106,0.9968827461458668,0.9873383008943093,0.9753272456964609
84,0.9870466316122988,1.0065663069655675,1.004393885033417,1.0228603976376114,1.0035273591532228,1.0160900864111355,1.0156103455073524,0.9941907654139375,1.0020104433863428,1.009659426460354
85,0.9914913330865406,0.9656438689397259,0.9999470776627869,0.9576828578578481,0.9820510676480124,0.9777559519563678,0.9720819648757368,0.9859130714467016,0.9896948891387755,0.9723183093473168
86,0.997757547002595,0.9965183033259306,0.9901980958362624,1.0114193113434922,0.9958132766482524,0.9798972414618852,0.9783580839015739,1.0126172241243638,1.0032287255457473,0.9768227768696511
87,1.0154521798773994,1.0120885020746657,0.9986913050640743,1.0080325113557143,0.9975301726453697,1.0032859605168822,0.9939725663859387,0.9992638693702737,1.013500443298138,1.0024201354560922
88,1.0090267521913505,0.9827964452568155,1.009618980749974,1.0070954562608545,0.9962952480613098,1.0009072728017792,1.0078024895784945,1.0133320406449826,1.0087156048890848,1.000969051419311
89,1.0163469354344767,1.0159632516885355,1.0013760124826343,1.0125784556162853,1.0249946726664896,1.0128072877633132,1.0163389520955788,1.0526526609146554,1.0120376685471264,1.028400583133602
90,0.9909090909090911,0.989937933992784,0.9886976213375153,0.9967617295407649,0.9735825631121534,1.0025911211645762,0.98310003985448,0.9927433252163047,0.9836589358303437,0.9980108943653263
91,1.007326048273262,0.9991782783527207,0.9867306523160523,1.0104242089569175,1.0054649220220353,1.0172797568203715,1.0187085121814283,1.0011209191828285,0.9993448773102277,1.004495550294669
92,1.0082255552769794,1.0013391241518317,0.9919082623397701,0.9833825922782743,1.0096065113648298,0.9808675387370727,0.9814553506881016,0.9862992749376136,0.9983446382428941,1.0
93,1.0043838083428096,0.9959508001426045,0.996224477339764,0.9887562278229755,0.9838798567098375,0.9831111477622362,1.0150807270339985,0.9983932039732453,0.9873236067926333,1.005524815725795
94,1.002704946045541,0.9895220683424515,1.0016865380030027,0.9952371038784943,1.0049012684995862,0.9869550541994079,0.9818048981501076,1.0017636080420254,0.9881435380312759,0.989071053577299
95,1.0123224582533834,1.0073193307816988,1.0014842370105834,1.0013549401295754,0.987814038421136,1.0053806175983497,1.0069294718897046,0.9900777294262443,0.9919276845567545,1.005996986065165
96,0.983338902371794,0.9887720677086003,0.9964808983956844,0.993003605741989,0.9902487915143536,1.0038822383132773,1.000393876527786,0.9879925916130717,1.0152484173451686,0.9915758328913097
97,0.9958102900136483,1.0063428785312032,1.0027104053859266,1.0333182582939417,1.006337567295725,0.9796064603405051,1.014599719948881,1.0225401809377805,0.990476025305077,1.0069860738418814
98,0.9920199704190046,0.9923142457527893,0.990577519966597,0.9980920002775272,0.9915671250445663,0.9793263914160967,0.9827202513417986,0.9886365072504857,0.995042661803962,0.9901185767771175
99,0.9938862985254443,0.9998734554656661,0.9954112371045495,1.0145856057498523,1.0125064858516566,1.0013512783271121,0.9798112071834038,1.0042533809386582,0.9967111777336999,1.0
100,0.9901832462693609,1.0014886284467834,0.9801314326733346,1.0189066005137142,1.0087789659607058,1.0007031191710736,0.992388140388221,0.9933996641410384,0.9967220342382508,0.9712092122086131
101,1.007583311582976,0.9981506053406308,1.0218687115293559,0.9948978500322195,0.9868145304744131,1.0182299380659707,0.9944305208840015,1.0207329242644467,0.9985959504438304,1.0255905365469407
102,0.9988473370309536,0.9906362359243442,0.9735470314010837,0.9807883430909615,0.9996867664926983,0.9990645574890781,0.9762493562662933,0.9829865321828752,0.9599252280613935,1.0004923231990235
103,0.9976999763660489,0.9795839955133907,0.9809956090721113,0.9909286493732227,0.9836981663911879,1.0001100997400194,0.9993331642577006,0.940687340712312,0.9844669019413634,1.0034585584394295
104,0.997214921135262,1.0055526422158514,0.9854080742445612,1.0074480594774882,0.9989027784193227,1.0043107807298381,1.0055381225218962,1.014544685427598,1.006047286920243,0.9995061426986884
105,1.0003277813881186,1.0108988699374366,1.0074219501651023,1.0048584724193705,0.9902742941110706,0.9956528783350023,1.002290087005561,1.0,1.0076765730083974,0.9926470588235294
106,1.0124440017390006,0.9966899040632182,1.0041349424529875,0.9874653490926582,1.0006363931695268,1.0037004712982054,0.9968239668048225,1.0093825646332693,0.9760918882995114,0.9737470167064439
107,0.9728813756368543,0.9949593193325751,1.0112316323258956,1.0030528571997082,1.0003315781709137,0.9867029839705382,0.9987361292606404,1.0971577499980874,0.9884634408385315,0.9817244891844926
108,1.0094508516825842,1.005488068306083,1.0146021291216194,1.006445941305641,1.0081025921387574,1.0076880834706206,1.0070626525650423,1.0351042209406973,1.0101397841674513,1.0056550281126295
109,1.0044190052488235,1.0032443176270656,1.002869404154606,1.0242146922594706,1.0040138406217844,0.9997803753109143,1.0130710566919423,1.003651023047083,1.0150265681924597,1.0133715526904072
110,0.9889932212247833,0.9667365157941711,0.9971388057680104,0.9891724261617838,0.9991818425100537,1.0045778219292307,0.9833673354990076,1.0046922107093212,0.9982533331938217,0.9735006413515019
111,1.0040630587511747,0.9941387951347248,0.9967056381741913,1.0036508854988846,1.0004428079290795,1.0129615905108833,1.005650528293783,0.9986872885513869,0.9939893050276856,0.9894204790361496
112,0.9959533828918788,1.000870162113297,1.000836609055958,1.0000070888784116,0.9898649354214093,0.9816277286654282,1.001627807928936,0.9846990485810915,0.9841842035116737,1.0013817954147166
113,1.00799471885091,0.9932197835284339,0.9974475663291824,1.018955656451335,1.0044563506889939,0.9979203552652376,0.9964813701119404,1.0111861050160886,1.0076026916503906,1.0187705297298628
114,1.0040956748034207,1.0018961175444163,1.0052302254461103,1.0,1.0144282311863708,0.9932593908574538,0.9872138786342464,0.999939224567819,1.0058426627142876,1.006613175132051
115,1.0036172511721069,1.00165997664364,1.0037143424036075,1.015246971168004,1.0168458007939618,0.9994024145080042,1.0025192510455978,1.0008060907007257,1.0084232624347647,1.0033175210817165
116,0.9800193943494779,1.0182579415781559,1.0064296974678764,1.0168285997664852,1.0037159693802666,0.9988603768175581,1.0064629994857321,1.0065525028871605,1.0088233042620633,1.0119904076738608
117,1.0112432185785563,0.9905126920058757,0.9931195412930846,0.9991099980994789,1.0001104977295348,0.9975100273221027,0.9909596525693041,0.9880051593317389,0.9871110528859759,0.9909696104961905
118,0.9893600262521038,1.0020100662713787,0.9925808984945763,0.9859883035174284,1.0031182005059767,0.9959566553985197,1.0023703944830247,1.0017121915689566,1.002784270417685,0.9976292080869125
119,0.9661993579329732,0.9787435896065421,0.983141772211909,1.0012847817504313,0.9966024045911643,0.9878575239118565,0.9867459546734991,0.9983511976363253,0.9947304175394617,0.9995260374240967
120,0.9893665832108838,0.9971973506781833,1.0012090729114653,1.0035346569331234,0.9944783743819106,1.0091905706816708,0.9948854447566962,0.9888561467433722,0.9979924636765347,0.9934086914467299
121,0.9521643791842443,0.9983506081566159,0.9991302010977893,0.9955809051414033,0.9900862317687203,0.9924258198888659,0.9991765597558274,0.9902533969253998,0.997344891370649,1.0123927111864015
122,1.005014045917233,0.9993818424372282,0.9856170158240848,1.0064299568017754,1.0045353550648122,0.9901241345804725,1.0067786213517167,1.000845049277289,0.9947177621019074,0.9886899437747412
123,0.993844331991538,1.0019317119068665,1.0036326433539862,1.001963964416885,0.9758445477657263,0.9935459919650605,0.9882882870162167,0.9906012275798384,0.979073039754663,0.9856014581533917
124,1.007530973854115,0.9755873416771903,0.9996178485714465,0.9960283346763736,1.0116247309257733,1.0135077771135304,0.9860283225169301,0.9987239560599159,0.9729172394830906,0.9720090431230601
125,0.9926707711660336,1.010613087837528,1.0062018761268028,1.0107853050219076,1.0131854014271287,1.0103159648323106,1.0089906497242866,1.008221825901109,1.0051056986354532,0.9888392857142857
126,1.0079787596209508,1.0038675969461148,1.0005772326071243,1.0022971126934135,0.999849776031539,0.9967866323067145,0.9999520053454339,1.003680752180804,1.005341275596594,0.9667673843346565
127,1.0299802357920722,1.0119780239909526,1.0056600796377209,0.9943122600434592,0.9905542529979547,1.0118679357092404,0.9962264617417006,1.003858933725483,0.9940003578816695,1.0256750916709434
128,0.982652854180744,1.001405075981419,1.0155244891457873,1.0110713045964854,1.016549089486057,1.0005422111226616,0.9856403013182674,1.0052871721242418,1.0111487541813282,1.015737410503838
129,0.9958302490052587,1.0089686912268734,1.037673340810472,1.0065710008001583,0.999587475753122,0.989537504298135,0.9798404058881625,1.015452721587447,0.9976529471401636,0.9941886317859067
130,0.9920224195312493,1.017553731327348,0.987863234034067,1.0098965083072502,1.0053083264714942,1.0021507688434144,1.006336854777899,1.004092760386649,1.0143626054407477,1.012675432906847
131,0.9697708086161354,1.0019169769574243,1.005519496695485,1.0016829624702221,1.0056161676991382,0.9995700705319204,0.9955400921747382,0.980606805123677,0.9902824049247548,0.9888093103477952
132,1.0082334425935824,0.9862998874144012,0.9927110040496194,0.9828401238681468,0.9890011686258335,0.9971595215398589,0.9957660492496908,0.9950082699538785,0.9891423596041848,1.0044964030010965
133,0.9925447853662634,0.9901198986627999,0.9944014240580479,0.9947259140782914,0.9958105588303658,1.0121508133518105,0.989728734733357,0.9887148672669501,1.0038554787049792,0.9836355059391851
134,0.9988543780510477,1.0182294025051541,0.9980542684261827,1.0044978859250757,1.009048710954651,1.0142495734825883,1.0082202024947178,1.0084387368394785,1.0117586560806389,1.0189275003269738
135,1.0216532374439924,1.0200139179557905,1.0086046269641171,1.0043202110721545,1.0196360010294954,1.0075387891274599,1.001172436242816,1.0115873786286649,1.0142284545840525,0.9990994497904787
136,1.0013185239470452,1.011929842004142,1.005769535033759,0.986526080805107,0.9779186163389352,0.9950907251948772,0.9958791208791209,0.9943362091069846,0.9912521336427713,0.993291592311918
137,1.0030859303246693,0.9870836779314015,0.9995953221138401,1.0066462289069757,1.0044692002178726,0.9964273936941968,1.0095920490003467,0.9982993089499386,0.9969005353620737,1.0076611638296133
138,1.0184076437717242,0.9924736971168392,0.9828460616360409,1.0177961142488465,1.0007061793089664,1.0195573126444732,1.007897288723042,0.9524831399866786,1.0211920814520008,1.0141681480872433
139,1.0189082413005124,1.002715003769923,0.995003167559361,1.0055541884882333,1.0028326508727798,1.001796413340908,1.0172279430780151,1.0065362562700753,0.9912013422094441,1.016256386207104
140,1.0086126968329776,1.0097107973321682,1.0090859535040748,1.0182050329290724,1.0166723270692999,1.013368983585856,1.022882051228639,0.9992710918081675,1.0149072280452405,1.0528117508643413
141,1.0,0.9924529480080799,1.0014999250220584,0.9908139801572803,0.997072264375118,0.9839901616686787,0.9864661064215153,1.0203132003476127,0.976731679720632,0.9738095238095238
142,0.9972392825261215,0.9979751196023162,0.9998999783845907,0.9890848159226209,0.9892089835483912,0.9917281829733164,0.984440446632156,0.9861091002641305,0.995328653421864,0.944669352753477
143,1.005862369209205,1.0007368217960133,1.0051759039337311,1.0044162531809229,1.0011430233781735,1.0018911087201139,1.0014143604082215,1.0089224829540424,1.0075704431800734,1.0104545593261718
144,0.9905256540713265,0.9964359763384322,0.9944530629546945,0.9946551467217346,1.0050577360964932,0.9899785521631302,1.004832154902833,1.0100082489224134,1.010254591299612,0.9843400447427293
145,0.9900151655280823,1.0037000795310569,0.9991511517871282,0.9902207855185018,0.9869332560772182,1.0193074172738439,1.0120336815265332,0.99970701980127,1.0033266597128543,0.9920106390262928
146,0.9899655352934849,0.9985435925520509,1.0044132642066825,1.0032729651440015,1.0117797110288145,0.9871460618713666,0.9982531755107592,1.0120232013408643,0.9916071803039667,0.9446541008459447
147,0.991093958896714,0.9849305736292597,0.988009140938774,0.9920529801324505,0.9922953048904113,1.001220432296987,1.0002393547053243,0.9940023290137784,1.0034817686622388,1.0067539305392077
148,1.0016354990499894,0.9990044786675157,1.0049795838278777,1.005364480292193,1.0137494834211696,1.0025025025704553,1.0088864803602133,0.9876147783547387,0.9983227105232141,1.023326107544209
149,0.9823279737032703,1.0010720922300151,0.988092859205134,1.077204319700899,0.9811386419978655,1.0226923171448141,0.9919514944584578,0.9924028920703613,0.9997645351300485,0.9931359671316137
150,0.9931824600513672,1.0309975081548084,1.007435312688844,1.020007006938927,0.994206850804791,1.0104011597311338,1.0003834314104156,1.0078459914637137,1.003551861017126,1.0077821142585761
151,0.9940879948292177,0.9673489347917769,0.9919850876977107,0.9978392393066502,1.0059379962714907,0.9962786968674047,0.9834331417482781,0.9928891176018934,0.9925158458797451,0.9838366526877731
152,0.9982726181287678,1.0102087542067533,1.0049414440091324,1.0151080505725456,1.013023907297873,1.0139316193650982,1.0071440673703689,0.9879063647856902,1.0165527934051584,0.9890618810344675
153,0.9853900882369238,0.9872923214922892,0.9842898595193945,1.0014247385563753,1.010217464943924,0.9942860299240656,0.9912013576807314,1.026499039346399,0.9855239089145268,1.0
154,1.0215911098988395,0.9983054729350865,0.9953042787427224,0.9995507421694658,0.9909671457415504,1.0065647629334036,0.9840722757987036,1.032115057869371,0.9816309979869707,1.0063505504630836
155,0.9855754977934684,0.9880873151708521,1.0012117099937794,0.9867175373987117,0.9902920701395224,0.9853454832971772,1.0029488705973,0.9861563078378998,0.986818716498402,0.9804898419787349
156,1.0032955834826052,1.012147388133611,0.9962818332440112,0.994493320768269,1.0061817526723866,1.0094770438682823,1.0075799885560508,1.0055502220901857,0.99506507411538,1.0041684036075111
157,1.001578697819123,0.9868725269957362,1.0026629225622403,1.0043358267294478,0.9934016137871854,1.0001155586697292,0.9657041511295599,0.9957579161181391,0.9874214952029616,1.005027218113046
158,1.0067909440439615,0.996578142284292,0.992885275850628,0.9977162016029811,0.9991828163517886,0.9949971528626366,0.9764394871635782,0.9878707104452561,1.012933390701549,0.9746835561340893
159,0.9897039720681895,1.0050101988836597,0.9995674660313606,0.9977047139651137,1.0094939670955823,1.0038676620579716,0.9970964333409447,1.0019219396806622,1.0098581040428631,0.9910966727936479
160,1.0095278987579475,1.0029734470309013,1.0098996200163803,1.0259453783875636,1.0008956549357988,0.9951744111108322,1.0102891828648533,1.0116208063625904,1.0049044809975343,1.0048800822969373
161,0.990703661489532,0.9848312377613329,0.9819402722192272,0.9995565243635938,0.9859805858499032,0.9984512600640263,1.0073651001441124,0.9874324218206646,1.0477973506104237,1.0077868602314934
162,1.0018627134940425,0.9937723289060065,1.0082637629093438,1.0013578356423434,0.9829241960743591,1.0010910275130993,1.0117780294450736,1.0088347616729088,1.0058812875073515,1.0132890237030203
163,1.006344663899153,1.001909774423245,1.000624876028305,1.0102054734105796,0.9916877647938097,1.0180638517801208,1.0150825629119318,1.0061006978907383,1.0156000799589573,0.9950413349246191
164,1.030307569683544,1.005482168512391,0.9967893660077125,1.0061103174679862,0.9442814256286912,1.0466225832315397,1.0068754093312953,0.9847230215218096,0.9984364762869569,1.0029009404864866
165,1.0043270118264493,0.993418125272411,0.9921080848691073,0.9566409349623755,1.0248884058385532,0.9923497415993093,1.022220738076811,1.0062529852182653,0.9750134162672506,1.0160000128495066
166,0.9762563906875912,1.0223151672556294,1.0166263423604398,1.023002158295402,1.0059974863730112,0.9899026034769275,0.994586706586028,1.0154133420091758,0.9720770279189752,0.9920635173562037
167,1.0255452270126602,0.985432791508561,1.019312222991869,1.0118957066471619,1.0018235119467993,0.9810720118380634,0.990142319683511,0.9876223103149185,0.9921793908169293,0.9807455465403059
168,1.0075255867192503,0.9849584423314061,1.0072449871030213,1.0174110508109184,1.005434378326325,0.9884018977458043,1.0003031127390443,1.0275023255758342,0.9963377117524369,1.0175073460353796
169,1.0168350162059823,0.9937110110624313,0.9800125970528122,0.9506837764216237,0.9839456731587267,0.99316975751067,0.990007086844781,1.1326641667579402,0.9970024074468254,0.9966763478940558
170,0.9788764410697566,1.0064596592354407,1.0046905251796938,0.9852642127658962,1.0008963007155818,1.011830825162842,1.0048466911082814,1.0382829725184486,1.0086920194061524,1.0246913716579904
171,1.004817119171811,0.9963715144550611,1.016842160930733,0.9908531525332163,0.9921767637428968,1.0011140571175974,0.9957511887662618,1.0098696407946337,1.0078410301258451,1.0538358022816854
172,0.9938658939686785,0.9864918475301926,0.9934847230148691,0.9699133137697444,0.9997809196078775,0.992608572033067,1.0161672335420342,0.9827798894871299,0.9753735625778308,1.0
173,1.0014983517581948,0.9941398253448417,1.0061581369509374,0.9839891405644849,1.0089839560106937,0.9980250787277658,0.992293096097547,0.9914634878241436,1.0098332250644173,1.001797725377458
174,0.9991018329551833,1.0009328627956,1.0001987007866902,1.0030300675938155,1.0036799023959952,1.0081396175039554,0.9923977195415163,1.0042329577034237,0.9963503159983168,1.0225183536720739
175,0.997312648811924,1.0158368217410234,0.9914799070041247,1.014183279489402,0.9866486165427449,1.0037617716805207,0.9820950618174509,1.0137206294165866,1.0037329532593935,1.0004597981770833
176,1.0113241735440655,0.9949429459676445,1.0084430096846289,0.9824732234212301,1.0019091102286612,0.983069497763114,1.0053156968509962,0.9933910225790186,1.0056098447433643,0.9954233409610984
177,1.0,0.9941630649858655,1.0114024264693169,0.9951848628942375,0.9924976172939636,0.9936839686758153,1.007631940940655,0.9890524008609859,0.998231240564187,0.9904804803018447
178,1.016733133205991,0.9894885833613574,1.0002512184031218,1.00817895580794,0.9996927775348134,1.0015526776318178,0.9985080108675807,0.9812104404528933,0.9972252375858403,0.9848214558192661
179,0.9819113663575777,1.0162518452712592,1.0108176987446038,1.0032103119591045,1.0031584748668316,1.0078826726952075,0.9784175683425941,1.0165382882255252,0.9827209252082681,0.9977728285077951
180,1.0170167665626522,1.0039715118635344,1.0001015599181817,1.0077426098132463,0.997566473722738,1.0123812335763422,1.0003819805240395,0.9755912409692968,0.9826305905863497,0.9991099379129575
181,1.008971365495698,1.0105187043836932,1.0131741963254017,0.9981423995522593,1.0173829062245774,0.9975415165171119,0.9982282844385905,0.9938326597006372,1.0117566524667732,0.9929297124085779
182,1.0087376741654164,1.0145374756984427,1.0031490246568675,1.0291353924647306,0.9990627089953937,1.0178135385249107,1.0158104345241485,0.9993323342729028,1.0187072552735663,1.0179937019572092
183,0.9996881123389652,0.9964116234621869,0.9959382907896851,0.9994034204367314,1.002296523670345,0.9994045846978268,1.0164880157776939,1.0164799173259549,1.0040128193597204,0.9919678580868653
184,1.0094473314921237,1.0039259797520763,1.002060793405461,0.9945640565494087,0.9953116146814763,1.000059530537385,1.0117616049021005,0.9855927549727364,0.9944919424495673,1.0209567476242167
185,0.9909501504022759,1.0205891176088266,1.0056473885041906,1.0067398498668174,1.0577221170868853,0.980499752766288,1.0096277135479743,1.0198355610186725,1.0041814048794766,1.0344015228875727
186,1.0097684135619787,1.0057352428995934,1.0088333811652623,1.013481438626201,0.9941686185402708,1.001813240770186,1.0021572903960354,1.0116435097702041,0.9897194848922833,1.0206830359692016
187,1.0045900988763754,0.9784830745292683,0.9971854349615463,0.9930542581343648,0.9811209644485601,0.9983066539440594,0.997092541794351,0.9930763185485522,0.9982334571284942,0.9853080279454236
188,0.9839589033100808,1.0193439615061282,0.993784315678157,1.0118116221693654,1.0044142123258866,1.0026931941369657,0.9970305201083443,0.9944603204807125,0.9979352614051638,1.0081222977709263
189,0.9989109953012993,0.9938063965481145,0.9983451891812049,0.9972049728717955,0.9955117899249732,0.9832479557913056,0.9858507235050337,1.0037714006344025,1.0101511232779272,0.9780373974381206
190,0.9902942720229163,0.9911917213244017,1.0017094270023956,0.9943274420051363,1.0024039298571052,1.0009219104499785,1.005090790921478,1.0012645262940427,1.0021317803305374,1.0127780260731034
191,0.9952468007312614,0.9945287266334933,1.0080939947780678,1.0230120809679626,0.9768708271743535,0.9950120677586135,0.9863413737712134,1.0043394068894427,0.9908287313160068,0.9920187936702245
192,1.0038479297414624,1.0160480102852425,1.005038299287778,1.0161913978498183,0.999396866702996,1.0188678814750691,0.9897866574674228,1.0086470889083858,1.0033549595168039,0.9842883826599792
193,0.9963196389069793,1.0017562586779496,0.9970174500315572,1.0046219287548173,0.9978021657923068,1.015783525078774,1.016381978319078,1.0081434802410314,1.0022902542334229,1.0009250552778226
194,1.0106943013768763,1.0149453981803138,1.0015197696720834,1.0069597584687846,1.0114994115929468,1.017201834355424,1.0112472755355968,1.0074087459342247,1.0213126522989127,1.012172241434612
195,0.9889638075757312,1.0208401377992145,0.9967613491626,1.0177962337370916,1.0068080816150116,0.9976516514370956,0.9951730931110373,1.0036089120602305,1.0016492050512305,1.003759412783294
196,0.9875871155390191,1.0050173651311707,1.0060962661805068,1.0022382172131148,1.0061393840063673,1.0053880022282746,0.9850917912260791,0.9932451906945113,0.9948174763669331,0.9792913026378184
197,0.9412937974869483,1.004364176560047,0.9834608232414601,1.0006386418927722,0.9815273006489494,1.0024274789910612,1.001403112141368,0.9907909594771542,0.9994580838325411,1.0342693800051335
198,0.9985771200663501,1.0017928320964786,1.0101284453204478,0.9969907630018878,0.9962772778063596,0.9852317182828849,0.9899123751138563,1.0036181614387427,0.9745745728447592,0.9817757294556804
199,0.9770610311691691,1.0114529314544507,0.9963587183150742,1.032707051119991,1.0024704079747044,0.9997608796651177,1.0083579944266583,0.9968930964489753,1.0064543294040464,1.0239234449760766
200,1.0030679295522686,1.0119764173730088,1.005229031516596,0.9721020139324464,0.9742171819569343,0.9812881138547652,0.9860083302646938,1.0116695147829495,0.9851008391843188,0.9976133651551312
201,1.0191870387555906,0.9921106583663429,0.9836942793220699,0.9787288585407203,0.9953490742167724,0.9909323556355736,0.9975157523334759,0.9918477771142509,0.9940648938474377,0.9995228716574264
202,1.0099037796153445,1.0019682673824553,0.9942719414092482,1.0001972194072604,1.0157910407256234,1.0055526330378384,1.0033082043600896,0.995558419293371,0.9984745722270244,0.9990467257133792
203,1.0085408577277375,1.001329883782647,1.0049340072452937,1.032535257722264,1.0091564695322008,1.0035781179089773,1.0186967669948324,0.9986106511066086,1.0003106132478694,1.0274241243252078
204,1.0015948609054213,0.9994234862761506,0.9892215806705769,1.0100482200722403,1.0053446056531516,1.004359623133985,1.0056406231865134,0.9921532759949753,0.9940202555903423,0.9980449210980422
205,1.014712372841556,1.0020540282695092,0.9992379597737271,1.0105881537112091,1.0042066543836556,0.9929219212717535,1.0095612586286244,1.008106326638927,1.0063622127264173,0.9980488102610517
206,1.0,0.9926725920814402,0.9922371085618436,0.9838672408360465,0.9773928414744902,1.004406580493537,0.9935505581827101,0.9951067994581596,0.9778555754259816,0.9893822539544161
207,0.9870752778181074,0.9791010318347687,1.008951326463903,1.0015044634908978,0.9985970908882489,0.9700769449985751,0.9922604193799514,0.9989019790146381,0.9932565085963548,0.9913875452069004
208,1.0434913624944298,1.001843719482422,1.0041366506751086,0.9827998341139785,0.9727073552425665,0.9925888347098472,0.9972582764142472,0.9821373171503718,0.9975983119355736,1.003842473888012
209,1.0057918746677765,0.9877152761811578,0.9818482312812162,0.9919722976467273,0.9926923174484196,0.9990956502203848,0.9612002667893921,0.9947746911893184,0.9933111637483231,0.9928469240732978
210,0.9881023728703878,1.0059304182152393,0.9852287802267555,0.9711910614951864,0.99740921383888,1.0109714006696429,0.9927448609431679,0.9891663718794653,0.9987146072413481,1.004791566912423
211,0.9886837762623399,0.9869155014862847,1.0034701567367843,1.0177395680225363,0.9931061652238591,1.0075421586745368,0.9846517071821868,1.0040554875068028,1.0007276397799252,0.9942830062737685
212,0.9902683035943695,1.0154333974615848,0.9993559332038024,0.9984668416234851,0.9722794543508919,0.9847488243171695,1.0035628725491528,0.9939535092414563,0.9941612754494152,0.9758251415179936
213,1.0053365501799298,0.9914087411180679,0.9926723594791163,0.9967218100423892,0.9746616664357792,0.9907318993723215,1.0056805767970287,0.9113508323704572,1.0076273904750694,0.9995353585216331
214,1.0151993613031414,1.0165576314566518,1.0131539733004795,0.9919552204813735,0.9994519809244272,0.9901557557442296,1.0131710016602102,1.0088412653829606,1.0036053816212729,1.000930218363917
215,0.9897229309455503,1.01571909465082,1.004806235840892,0.99043856811136,1.0079918199535884,0.9974481439874411,1.020212285456188,1.0067348740726376,0.9887373902172089,1.0032664346163034
216,1.0026882450623595,1.0027948574622694,0.9939291643510705,1.0077422250682218,1.0107145210325474,1.0049618245282594,0.9988269883868546,0.9669937650311151,1.019373875213482,0.9958178721689256
217,0.9789473327279787,1.0133188442008938,1.009342026914082,0.994602984715859,0.986743446182036,1.0055498946478074,0.9986484051775057,0.978459882158657,1.0105642575573672,0.9953746530336937
218,0.9950537906701987,0.9951043703514459,1.0078461149076183,1.0059278846431765,0.9887467887700804,0.9972048301299659,0.9941104457087672,1.0435515580990036,1.0053639876272644,1.0009259117974176
219,0.9927787408669849,0.9822674131653107,0.9982818614522635,0.9957561246491704,1.0014043342485515,1.0098797490642977,1.0079225574282091,0.9911655638604929,1.0159407222514778,1.0174281530619673
220,0.9971198157694657,0.9956060378740941,1.0105193152593062,1.0006993726300821,0.994506061163816,0.9788892228947915,0.9938534919592085,1.0121520909221455,0.9889726153521868,0.9967136293509756
221,0.9991367257756295,0.9996221816209462,1.0068380713769278,0.9767087774165673,0.99759364716555,0.9904756559299719,0.9915255903192177,0.9895861228210215,1.000181418612158,0.9948621855574177
222,0.995702005730659,0.9930741512999383,1.0012870012870012,1.0031869160189657,1.0101302174197488,0.9983605661730287,0.9876106792690421,1.0020030904260482,0.9976263987363319,1.0018718257416275
223,0.9813018585389885,1.0031995330316041,0.992387849071105,0.9767583142209513,0.9752279410021761,0.9962977476242246,0.9872266680841845,0.9943028450493118,0.9941340371724929,0.9925684808135791
224,0.9945469458228511,0.9902772233196784,0.9909380732184553,0.9872533412327895,0.9946411852675783,1.000762764837632,0.9751311930654312,0.9909881110034143,0.9926814679945807,0.9972209779449358
225,0.9903073942374937,0.9999534377994977,1.0150044055333773,1.0049527048952518,0.9853157392869053,0.9951741120380709,0.9915913316535451,1.0043642472830847,1.0133573071308406,0.9786944148821749
226,1.0008315363655693,1.0124217746511097,1.0098069867646944,1.0111484005248574,1.0112750882432338,0.999187300189802,1.0119466543990228,0.9953957785611854,0.9932597910885812,1.0054695179599566
227,0.9795031405308975,0.9873319311184888,0.9893223568644124,0.9671374359375611,0.997790318499524,1.0012476547289533,0.9997454904576013,0.9957959365058114,1.0006598280932386,0.9878432591948116
228,1.00793540511593,0.996904695530028,1.0036580841344886,1.0000625839945598,0.9987901005521732,0.9943362641665002,0.991335395307571,0.9974930108552363,0.9834115708987747,1.0220892912303112
229,0.9938808813562585,0.9938780084025951,1.0089411413831504,0.9597323365613333,0.98106283401797,0.9883249686299218,1.0051154553799806,1.001369321100672,0.9862127752190005,0.9917845595544742
230,1.0017709424756311,0.9900556149109114,1.0045955019299273,1.0161318929089245,1.004504433113012,1.0037457190802137,0.9962304652033689,0.9713585056330513,1.002488280617204,1.0
231,0.9862958318227617,0.9989199072729141,1.003826823716478,0.9880494609062807,0.9940517133650555,0.9982373127499348,1.0041870822765642,0.9877235095750309,0.9965195016746674,1.0027460233570509
232,0.9989263349628489,1.001416798934459,0.9924561676373885,0.9952051573320115,1.001770112170807,0.9966460558207828,1.0545458841535453,1.0288507900507193,0.9882265858756671,1.0064486128840404
233,1.0294280024208309,1.0023974142255028,1.0052824140093815,0.9924118748105151,1.0019828593257483,0.9950206461643555,1.009477197677724,1.004268382719818,1.0172012017006977,1.0168618552857873
234,1.013725473099396,1.0059138875627827,1.0031479538300105,1.0003128730416337,0.9943806282237496,0.9980439063326063,0.9885395113688891,1.0117656184428887,0.9925266882868246,0.9911792295713923
235,0.985371272504714,0.999048584746394,1.0128061933542092,0.9893434702225521,1.0057729585570714,0.9993660108824263,1.008822803033035,0.9991004737941431,1.0080857805110923,1.002793253427385
236,0.9932830371294552,1.0154112107471485,1.0053421656443058,1.0118642359543901,1.001987040040172,1.0074519616563928,1.0034239742211446,1.0035036570293374,0.9997727405598876,1.0132075615648954
237,1.0112281332295716,1.0027657087818291,1.0067767306271407,0.9875762071951113,1.002368007157835,0.9924458273491152,1.0143497610753345,1.0363088631679087,1.0126641760361759,1.0076045919673495
238,1.0011102537541365,0.9928634595767497,1.004104389402527,1.0007664436310182,1.0079072326657006,0.9918264823506832,0.9991552258555735,1.0178162057586235,0.9899561396761692,1.0052555701322878
239,0.9964048166797468,0.9770061373758231,0.9876259678169039,0.9986972553375225,0.9911457901536506,1.0041563763965962,0.9880221746555917,0.948943353392994,0.9955479968517214,0.9966666811988467
240,0.9863611568009953,1.0005004177429264,1.0062795585813689,1.0018435083230801,1.0055912278067922,0.9968008718795669,1.0086229363886805,0.9643215644497568,1.0080216745394714,0.9943181961856928
241,1.009083452852818,0.9980928304170378,0.9784172154584873,0.9992041806276842,0.9956835488802747,1.0135544566725994,1.005720431347338,1.000783336996844,1.0000588198442588,1.0038022959836748
242,1.0,1.0029907689862607,1.0075661634011241,0.9919312238703702,0.972782105438469,1.0008512516347368,0.9911325580527485,0.9847190483628192,1.0042050453881983,1.0033380875461577
243,0.9972550095154867,0.9893658856131943,0.9743272257064793,0.9908248102460352,1.0060767130277932,0.9885873183109513,0.9938019787226948,0.9777034440363546,0.9870367727435382,0.9854323023540482
244,1.007188209837409,1.002574970842242,1.0014972504401405,0.996025734744596,0.9994479149751001,1.0026894349283435,0.9972578285395451,1.0103943244615723,0.9848607929305818,0.9810973215302012
245,1.0036071540859135,1.0012514765531277,1.009222631144493,0.9894730077855415,1.0057928304671173,0.9981051763041859,1.0062194679284941,1.0057403405599334,0.992229716828458,1.0130779435457606
246,0.9914717851347575,1.0081167202224883,0.9838519501776393,1.002281838209463,1.0054191345870427,1.0008428465178227,1.002334979127423,1.0041816418676346,1.0040533912003962,1.0118147444607208
247,0.9971197700503968,0.9896209386281587,0.9874961663779903,0.9928059225419004,0.9835364386026509,1.013940870813458,0.999026113580568,0.9767970139690767,1.003474524491077,0.9985842954147731
248,1.0124982645537197,1.0055662820063431,0.988095274440227,1.0023633733235167,0.9945385621497383,0.9978147963814155,0.9880289098854471,1.0039297768264417,0.9990000703439971,0.9810184902615019
249,1.0091087447062521,1.0050777450844883,0.9909293438274475,0.9972597267671599,0.9913058866191826,0.990916318367111,0.9851210160589485,1.0142391035244942,0.9960225707109553,0.9872029112764891
250,1.0018250565986906,1.0175107052750705,0.9950187533499951,0.9900547518526882,0.9965722940359694,1.0049358078065656,0.9957637777165448,0.9786314323179289,0.9719405133246766,1.0036697387695312
251,0.9675359630293765,0.9869920135619603,0.9992115239382823,1.0048022936690304,0.9886001150447105,1.002020807651817,0.9837831790852408,0.998814207617882,0.9941097513492289,0.9775784753363229
252,1.0193852115250126,1.011880286039323,1.0279635011002408,1.0099642083113198,0.995854748263556,1.002452273945089,0.9894030473397873,1.012115366195944,1.007092485448433,1.0031488841144065
253,1.0045903292264573,1.0084597581811223,1.0030997385590021,0.9961561420372058,1.0120694019434693,0.9998401328491466,0.9903935881625582,1.0206926580158586,0.9934872477041365,1.0206611567352946
254,0.967173464577397,0.9884197681953534,0.9984778527764788,0.9914690264025608,0.9944964514089176,1.0022436834858153,1.009850658906863,0.9971789756112143,0.9944686151860443,0.9945205618801727
255,0.9947804813298345,1.0009865126923096,0.9973181222099161,0.9903652555638889,1.0028805404742784,0.9919453386844778,0.993862575700292,0.9858789458125685,0.9906117229744997,0.9851551821571973
256,1.0001338999121439,0.9977391619489526,1.0014188338518157,1.009849426348576,1.0054437442257766,1.0039902107349528,0.9997239351729708,1.0005020152396082,0.9901893923505816,0.976713519729225
257,0.9858801631309153,1.010804340227107,0.9982800362555242,0.9958254988925527,1.0018321083082533,1.0142456427313027,0.9973531529789694,0.9734435161867199,1.003012001246426,1.0004395872682004
258,1.0055732647864877,1.0130398273198513,0.9963709923528854,0.9893658241365973,1.017147880960761,0.9918646579728267,0.9976761873049972,1.0004050595408198,0.9999940233777338,0.9956236323851203
259,1.0054702809685625,0.9889421875529952,0.9902176203709497,0.9752240671575436,1.00970126196806,1.011969872177583,1.0001901456476456,0.9985633859142897,1.0078187835521384,1.0013146496747143
260,1.0061752925697052,0.9946401310252386,1.0099299112502875,1.0189549158932696,0.9861325820798477,0.9974069867532177,0.9934299318456129,1.0052016289277412,1.0030508359323624,0.998687076359922
261,0.9990612242559089,0.9906390029902767,1.000050395999333,1.0059185422065504,1.0025483259475738,1.000919190629087,0.9948004963871633,1.0161416425341094,1.0002305865607848,1.0030728575016004
262,0.998393127709365,1.0060830480691292,1.001615709018294,1.025056885112909,1.0082499954211392,0.9988657976851538,0.9909777345770823,0.9903212472641522,1.0096535854568007,1.0252025480667313
263,1.0383759387061753,1.0068866577552893,0.9988400580968247,1.005772835295044,0.997728551079873,1.0024363833243097,1.0111736312804869,1.0233616274058475,1.010216306860242,1.013686131577403
264,1.0036282957154272,1.008370885874616,0.9964822353313648,0.9987068608861384,1.003407974048777,0.9957409971911784,1.0050472123629595,0.9797982247056614,0.9893597603427576,0.9977241692901899
265,0.994311035726865,0.9975916946604801,0.9931623321327558,0.9970723646133847,0.9975855820497145,0.9907595731177196,0.9956031072275255,0.9863394216211719,0.9949564594817871,0.9918735753870979
266,0.9861795624594362,0.9943709733348428,0.9804266977501156,0.9899932028210703,0.9791679909953244,0.9985598841500731,0.9862066517924164,0.9949327373623648,0.9936868904796908,0.9928283009424338
267,1.001919335525154,0.9737148765756303,0.9716622399345677,0.9901684354127258,1.0052754422377168,1.0030494721758438,0.9781462315084845,1.0050089158060953,0.9958890130052142,0.9959821701049804
268,0.9717559927239195,1.0091525687513285,1.0183015641596722,0.9764898537646599,1.017546312137607,0.9915654211341653,1.0087610275146046,0.9988989836746208,0.980026724569516,0.9902741070825674
269,0.9964157543464965,0.9889538517160344,0.9846490304093336,0.9328982205590414,0.996811086541398,0.9977241194175074,0.9968316312859378,1.0105489845755615,1.0061937073558604,1.0062277307717031
270,0.9743888391951347,0.9966566202265468,1.00392466530859,1.0027683234332643,0.9458799167873378,0.9861169229718489,0.996377711269627,0.9472111804871454,1.0041183210614095,0.9951306291525149
271,0.9828375280714394,0.9991122359208611,1.0021102649130695,1.0093352647674232,0.9943773736651624,0.9985407292282305,0.9928473647313246,1.002970376982097,0.9960761932851024,1.0026630751735444
272,1.0042129297132596,0.9980926341799956,1.0065656552560718,1.0188786792131206,1.0173148935276168,1.0137362633819125,1.0160246589646609,1.0185899982631021,1.008846691130173,1.0094086296246796
273,1.0141118112822107,1.0175125077349068,0.991100431743421,1.0118275774275711,0.9869434778300313,0.9978911852082294,1.0043465290235776,1.0078847103825246,0.9982159273938461,0.9679097616677791
274,0.9879765112232318,0.9998625011657185,0.9745861506178597,1.0119895217624932,0.9959940810300747,1.0036509996957121,0.985532703674723,0.999588076172922,1.0030566326230201,1.001302661953028
275,1.0121698123793261,1.0038344735649745,0.9939745075318656,1.0016213516467185,1.0080352787180067,1.0005823674065555,1.0079839092633616,1.002187959590443,1.0128216520436712,1.0039233181308607
276,1.0175208131417195,0.9758572255151012,1.0028819555762352,0.9942940221835916,1.0024658631072725,0.9881762188462535,1.0019590837375025,1.0034798249043266,0.9983604566431867,0.9986939353254525
277,1.0,0.9504645246744131,1.0025164950510865,0.9989642291661243,1.001409601102682,0.9954690113626922,0.9910607350970776,0.9846894241336585,1.0062877949466347,0.9803670249953028
278,0.9942370341662575,1.0065727157238045,0.9956848324801287,0.9961922131138482,1.005472661896887,0.9910704817744816,1.0013974202461282,1.0039040239180368,0.9917040122030663,0.9949044715573581
279,1.0073888051267272,0.9985272041006771,1.0097923918219585,1.0122574387213612,0.9943525089986859,0.9930801169557345,0.9976159120458397,1.0099954506158901,1.0091731898238747,1.0098627919462122
280,0.9854375874042353,1.0077232456163494,0.9864122091753864,0.9782852069203357,1.0076602149949867,1.0020545482304382,0.9922017713716413,0.9968664129598637,0.9816068539931699,0.9991431150236838
281,0.9912359213633738,1.0019490081439186,0.9856055678251734,0.9984335226034314,0.9907469568547015,0.9777521455182133,1.0017873443624323,0.992227025508868,1.0127733321617332,0.9978623342751292
282,0.9930884891037051,1.0282041381773728,1.0004557261895584,1.0019586635877271,1.0012338823614468,0.9985957628745612,0.9626679366541807,0.9941029743480575,1.0129261741043276,1.0030017022187079
283,1.0028237867744465,0.9922085717145961,0.9970465286006055,1.0000197718610608,0.9958937474399673,1.0050403225806452,0.9927070338739085,1.000623995883919,0.9877553217095717,1.0095237963127368
284,1.008152158245966,0.9987055874350478,1.0048855991483336,0.9967330230241219,1.006970540699753,0.9972856015141285,1.0173181691387705,0.9910200830185795,0.9793346836942926,0.9685534591194969
285,0.9979338370730237,1.003202152512844,0.9847572381547887,1.0233145160861221,0.9955856236820381,0.9982437653885678,0.9677467746221069,1.0105829318938226,1.0049028353969445,0.9941642603914008
286,1.0209624580277687,0.9974683229524391,0.979778887035346,1.0204623498701588,1.0040095228432282,1.0062610575178301,0.9947560516397536,0.9835778741346379,1.0077337929448316,1.0012520358319157
287,1.015530827696836,1.012368123385535,0.9968379978904262,0.9867914816963659,0.9915176290240163,0.9940272915738585,1.0040195135579568,1.0007621865121914,0.9977728955367623,0.9933665387024448
288,0.9892715555153148,0.9806953046893168,0.9957582862669406,1.011136569064814,0.9921117931796076,0.9978964483505804,0.9881402846812429,1.0148603531944729,0.9986294560581822,0.9792935199337213
289,1.0,0.9911356738102225,0.9999563367353671,1.004209198254796,1.0015129533678757,1.0037705495410258,1.0055126078978647,1.01230939657319,1.0043892133104841,0.9995941929902458
290,1.0227580432337586,1.0033133700922634,1.007223035606144,1.0091969817523152,1.0190083184950578,1.0077004665808174,1.0169708070313694,0.9861539868032025,0.9992880545282831,1.0357292989410438
291,1.0029891470204229,1.0119707500864379,0.9949605609114812,1.0133786457264684,1.001201809502824,1.0227461266394107,1.0092566890356516,0.9904194641590652,1.0186267822972501,1.0063451778287982
292,1.0210876976476824,0.9873386194369129,1.0017999463681575,0.9943556035987202,1.024257174169673,0.994332818134982,0.9890365808526604,0.9949004501485481,0.9973033101544654,0.9932772852793462
293,0.9993068071420188,0.9883755975280486,0.9811766913015653,1.0037278480982283,1.0089719495230474,0.9947214428481613,0.9965856063077366,0.9577680519563058,0.9978838727464,1.001262107932728
294,1.007824473229599,1.003875396413709,1.0105776556442945,0.9928278417235288,1.0042902262790379,0.9956628228450741,1.0014056497380557,1.01667797111925,1.0022803039694936,1.0059246461210487
295,0.9930623006586495,1.0023393783844765,0.996400048370677,1.0067715970918918,0.9964856472061487,1.0074020891504818,0.9926836077199112,1.0290820431259589,1.0056218335837572,0.982945129164637
296,0.9936578303276483,1.0059265860274198,1.0021733459913758,0.9974103599953659,1.0064594112928542,1.0089202747006263,1.0030641564805183,0.9979174879647242,1.0011169564401452,1.0016666412353517
297,1.0142637568945148,0.9980573094766246,1.015852054249305,1.0117907824899521,1.0081647937211895,1.0118066855100478,1.001895016107637,1.018034083801256,0.9962190841869752,0.9975062091093321
298,1.002804655824531,0.9996956247957446,0.9983248627603593,1.0060629796243865,0.9961768384607428,0.9930175475042821,0.9919546211777016,0.9862218316839038,1.0097650190000658,1.0181972196200773
299,0.9962279795290914,0.9975278149060477,0.9917806809658588,1.0052352366522237,1.0034995646903655,1.0031886960721053,0.9884245384072511,1.0049702191984327,0.9760539298120958,1.018973735537214
300,1.0026613857878288,1.0065924186403987,0.9989954364386692,1.0084136785469253,0.9877089217558103,1.0050963857106228,1.0145334774092838,1.0156919345115945,1.005428156880159,0.9991382498846554
301,1.0114763909906297,1.0203884352566577,1.0087232568517863,1.0089112518723875,1.0091647354613724,1.0010519118227723,1.0039932811079353,0.9999589859236215,0.9990870191961346,1.0021588945890465
302,1.002414447189288,0.9898432214721171,0.99780200461901,0.9735960823331865,1.0010192712692263,0.9952366125054208,0.9923748525389708,0.9971761550627516,0.9994585675886939,0.9905902612509582
303,1.0148457595476958,1.0057655634915788,0.9998681162079708,0.9969235992617855,0.9962082350147373,1.0033613573603268,0.9938218424195695,1.0032847464586327,1.0019259833836167,0.9944704252743176
304,1.0060905051562141,0.995262238606268,1.0123254411836595,0.9934658434017244,0.9930590360658156,0.9846408688411683,0.9857226790425907,0.9862586818337065,1.0050968644744471,0.9882303998957346
305,0.9816369759230427,1.0030994022581359,1.0048286703996916,0.9970577728144719,1.0066088783952245,0.9978326677386481,1.0109555628898608,1.0108889683683564,0.9939717361319069,1.0059196359259384
306,1.0028551034975017,1.0019075358822742,1.0108469668899602,0.9897317056524302,1.0100566310621473,0.9985057582743708,1.0188561256221265,1.007630963838856,1.0173389157990191,1.0115483187040184
307,0.9857866930299155,1.0017034260836974,0.9904208136330573,0.9966692330517193,0.9964350465870252,0.9998454861874272,0.9788709469088929,1.0008945159292644,0.9943087337361136,0.9940476449207079
308,0.9957959639817299,0.9998223261605746,1.0048578846101683,0.9920818280725947,0.9862581359275905,1.002893296608596,0.9913202324649435,0.9934784126714129,0.9899935008580368,0.9836887952500305
309,1.0137802966833953,0.9956354269330898,0.9970400495507573,1.0034740853401485,0.9977646641042781,1.0092292995730658,1.0036729240206257,1.0072435960323989,0.9919851924540304,0.9791155163453686
310,1.0334753334978621,1.010173350168912,1.0029687377659267,1.0146726368359975,1.0132645970573586,1.0001564791802475,1.00233102043954,1.010773628273089,0.9962036530188761,0.9934906180486145
311,0.989395629620527,0.9933712409246508,1.0023444324489967,0.9784716969163898,0.9882936759869746,0.9897284896442174,1.0002219952977114,1.0007801099908153,1.0042420849910965,0.9673356833829571
312,0.99854946335279,0.9885037154225171,1.0000901574386658,1.0069254974252948,1.0067498988878771,1.0013956030962587,0.9966803143831611,0.9889649530217577,0.9626976339959431,0.964326398874822
313,0.984294689296731,0.9968361067411387,0.9796801842000965,0.989809519725928,0.9862918593725934,0.9989156869045309,0.9920050297641726,0.9964445677186751,1.015103780813665,1.0003796739021753
314,0.991646660794456,0.9998397024102296,0.9908522332076779,0.994220240374657,1.0038003957707449,1.0113838375081592,1.0009156000090487,0.9822948251167732,0.9903306887960123,1.0162036322980512
315,0.9959108511503861,0.9926633101349397,1.008207869341192,1.0033408855826929,0.9929194460183839,0.9915600639900489,0.9592643496522042,1.0037763809344544,1.004973425784978,0.995774200393692
316,0.9796933116296965,1.0038787001467298,1.0023000555252841,0.9935970923391966,0.9911021816951486,0.9949513539327853,0.980975946562351,0.9987022686371906,1.0076626776941144,1.0050192578879102
317,0.9950515799506016,0.9888670216519315,0.9943266135071887,1.002570468062073,0.9902525593774658,0.9921287889526897,1.002556888469775,0.989976593865005,0.9963186605639544,0.98741903184695
318,1.0440585716774622,0.9720313491067029,0.9927090368164702,0.9946644727859398,0.9970542681357444,0.9876325088339224,0.983050798264604,0.9863905042072975,0.9871728091672107,1.016666619352592
319,0.979752496953177,1.003629623111235,0.9969532100108814,0.9940341499700568,1.0025581376928199,1.000707225920049,1.0128494358497462,1.0098510871428756,0.9925084993456301,0.9957545114720061
320,0.9912195292084061,1.0021909941492797,1.0043276367901421,0.9975448136819612,0.9925275683120032,1.0021261269211135,0.9959398008429569,0.982438040178492,0.9940606719908063,0.9836750649483362
321,1.0184528034066713,0.9893699804127072,0.9947817013870236,1.0002802393583015,0.9442549459117046,0.9952138647371903,1.0034553467051992,1.0006289876408727,0.9953714715988109,0.9981053428891092
322,0.9775218371962819,0.9978232037690604,1.0018734146894304,0.9925218803678093,0.9910849867743895,1.0022722682006284,0.9961299215883735,1.0079782185777384,1.011630691860802,1.0114986587588435
323,1.0221245740479996,1.0000276905517873,0.9952304558092564,1.0012799976580116,0.9987844195426674,1.0030896902370834,1.0103287535142733,1.001508083136999,1.0200811763247035,1.016757551405646
324,0.992399684146288,1.0057875211885774,1.0061074029148833,1.007322065585822,1.0192224487228851,1.0290316240753503,0.9967751056818532,1.008754149781327,1.0173933625628813,1.0039123629738689
325,1.0093762968561215,0.9949079810711661,1.012187088025488,1.0017199164124675,1.0168265452077934,1.009470693586877,0.9934384436033065,1.0112684037866655,1.0154078100310744,1.0082840477456236
326,1.0001421378556818,1.007408132374502,1.0073839476867295,0.955433928317315,0.9991208801499771,0.9936738767737594,1.0055124892334195,0.9937106205788186,0.9977090136090648,0.9948979472677096
327,1.0007109341798357,0.9976155146987882,0.9984012729965414,0.9935456658194932,0.9874240516168705,1.00806362736426,0.9965493987537936,0.9932601501148088,0.9972414059916971,0.9883631307864137
328,1.0075931057205856,0.9989969917233791,0.9876310573359448,1.0042232711090975,1.007202535012916,1.0059379034737164,0.9822937221512502,0.9962314354639398,0.9959093511940956,1.0058525168608734
329,1.0146823306112547,1.014858287644907,1.0067560734910037,1.0127341781480166,1.005263072173187,1.000530447711596,0.9850664614046927,1.0281036834924966,1.0132873983038075,1.0106466152384517
330,0.9923543166479549,1.0023096701576253,0.9772580373445702,0.9908139423230804,0.9887236417137989,0.9902300151385651,0.9955184969293376,0.9734008193720499,0.9878253976178303,0.9837083712632833
331,1.0153801081181406,1.0041976747983183,1.0150686179665862,0.9803140097728563,1.0094190110855983,1.0123365274611145,0.9838282107957781,1.0109277750286505,0.9939733435807973,1.0070312023162842
332,1.0,0.9932443212935481,1.015705553992594,1.014457546844302,1.0198938916995663,1.0110209129987986,1.0150276608042275,1.0045040661241655,1.0226639195103315,1.0215482592376866
333,0.991000127758299,0.9856241112590428,1.0041998689524827,1.0004012154508313,0.9815508305375913,0.988521030904802,0.9779396173346819,1.0028535240093739,0.9930785151478275,1.0003992259621381
334,0.9920794933660307,0.9911498852510716,0.9927259177796436,0.9611130604649717,0.9992920087545147,0.9953977607226894,1.0007596398142489,0.993390268866272,0.9978036593999076,0.9948371603018187
335,1.0211765064912683,0.9953412412611368,1.0037843371312212,1.0175454496241956,1.0014579300727942,1.007031788613646,1.006179464761353,1.0044530806635263,1.0105239265395647,1.0165523058297508
336,0.9988249297777425,1.0026041487962776,0.9969374601226143,0.9930847763782924,0.9940049240074442,0.9867535361024037,0.9995773573380607,0.9977515776297718,0.9940919421711426,0.9884277370924105
337,0.9937235616023907,1.0052633038350078,0.9980066445182725,0.9977351011529462,0.994688432417965,0.9980065434607337,0.9958882535135676,0.9901614040596779,0.9778616570403332,1.0028011693642584
338,0.9823629934076081,1.01901168722737,0.9985403181365661,1.010936749655127,0.9917361464564518,0.99879483949273,1.0022551962916768,0.9987484318828641,0.9989523153830036,0.9924542925645523
339,1.002876042464458,0.992074702646661,0.9869902874540971,0.995361187072307,1.0107276138785761,1.0031010325290504,0.9974591864940046,1.0053274530695895,0.997938821842514,1.0067972687195321
340,1.0012959314817316,1.0132801884705605,1.008808244138034,1.001947474159252,0.995213368520129,0.9998948532493941,0.9960347512573805,1.0219277050654036,1.0092616920574244,0.9846456933209276
341,0.978996301238685,1.0048473787836818,0.998680506742108,0.9929568763128631,0.9874447255652808,0.997379180274646,1.0116100358571336,1.0023583209799047,0.9988917297227478,0.9968602706351015
342,1.012849799666311,1.0056778403693813,0.9856077898087696,1.0287864694096978,1.0007591272289442,1.0107549927566224,1.0067966740570453,1.001483067822913,1.00279049883219,1.0023603702231272
343,0.9901046087667327,1.0091444731235122,1.0104249009321615,1.0031881452802933,0.9370280535055638,1.0085492920117554,0.99711897427683,1.0009483750042953,0.9717968427128526,1.0087301466200087
344,1.0210739562331759,0.9888683390019211,0.9993871903328687,1.0093123626056968,0.998779496972359,1.0032162958992228,1.0139591359982416,1.0234785893215146,1.0067958470080325,1.0235580955469188
345,1.010501768470569,1.0247496881079532,1.0175954393150273,0.9961918081520287,1.0155214977355091,1.0030109013992308,1.0182706446053489,1.0152387490253587,1.0163117990075372,1.0258333206176757
346,1.008383513703779,1.0059142220317805,1.0019190415514119,1.0135746810207287,1.0108653151643598,1.0151184772297752,1.0144713657826054,1.0166983696047134,1.0083451396664167,0.9888751669460548
347,1.0147761558418844,1.0159886409399115,1.0150404080734303,1.0367364248295674,1.0167225427853612,1.0081989225463117,1.0179780766055744,1.0108765998973381,1.0062215648303718,1.0120933855695509
348,1.0001492395615674,0.9957624102482017,0.9931610750271591,0.9886242023120252,0.9787478089564499,0.9955081067258968,0.9871464192622997,0.9983733498710265,0.9994091964572246,1.0
349,0.9655520844632272,0.9918307862078813,0.9965029568557173,1.0005531604791438,1.012177645752034,0.9868634186470483,0.9916448153855267,1.0025122081076152,0.9772127657051914,1.0062945865748656
350,0.9932712781574355,1.002909105403525,1.0244350323190299,1.0013880139175457,0.9990308893343063,1.0104332212627323,0.9990782161018535,1.0044416321376914,0.9975481147407166,1.0033684339021383
351,0.9785654412235625,1.0114392382187751,0.9752732693125807,1.0027770714639113,0.9943304064263983,1.0014222283357914,1.0116568229305491,1.0126417860494763,1.0048678693706632,1.018439121389492
352,0.9898765940367185,0.9912353220271497,0.985302533633855,1.0030607461825722,1.0048793238171247,0.9935865815144587,0.9921866803519052,1.0007028434639975,0.9908322727642155,0.9872988990738328
353,0.9973720270898169,1.0027455894179547,0.9927701339264653,1.005073210234939,0.9905846969836144,0.9851681561715675,1.0023529747209103,0.9979108842623907,0.9925375340518121,1.006820080149617
354,0.9870307167235496,0.9913171813752683,0.9922608483355979,0.98009140265194,0.9929903915109134,0.9876777997105664,0.9784234478060738,0.9555137302386342,0.9863035218046157,0.9824120733058286
355,0.9824302896796062,1.0029076381403372,0.9821085852978528,1.0088651617169422,0.9977579069304761,0.9972049747419637,1.0047782737684245,1.007267205589077,0.9948421489580634,0.9979105725297803
356,0.9703278915880944,0.9967174527965076,0.9951134526739178,1.004778839189322,1.0039647068987274,1.0131979434527787,0.9882694845845822,0.9972786386703263,0.9984940986494487,1.005039886255696
357,1.001694758010039,1.0101868879755207,1.000425097790135,1.0099164712338649,0.9960693489321906,0.9982930862243448,0.9906110565590076,0.9978276125035731,1.0083226370906642,0.9949853868243258
358,0.9986980861453132,1.004199853066664,0.9973290164249188,0.9921959473861984,1.004979571522672,0.9986682292430068,0.9972307253461633,1.0015172474814524,0.9903798356709879,0.9966680423514322
359,0.9921208518148894,1.0005702757923203,1.0013159506652718,1.0114048929019734,0.9938895544069244,1.0044410758464273,0.9949975397736591,0.9952136613025286,1.0038547511056581,0.9921487855517174
360,0.9861164645040633,0.9786299682881822,0.9973749042917704,1.0189015263292573,0.9798616511519987,0.9929338396010838,0.9946328809820906,0.9924084716867017,0.9897911466981297,0.9754131158667909
361,0.984698341409985,0.9732549862869169,0.9927283224252867,0.9812358132197679,0.9974419090091582,1.005448691865318,1.0045229009618717,0.9967871761167477,0.9990712971158128,0.994787538793973
362,1.0215246480371156,0.9986866754472578,0.9957727047873616,1.0195887266739372,0.9856876324857942,1.0153495956921499,0.9813926993707783,0.985392311196046,0.9981912773623176,0.9960063896790133
363,0.9955357142857144,0.995127245707319,1.0055555350049978,1.021560125093833,0.9966992199028182,1.0004340586831708,1.0065397406282544,0.9803700419351968,1.0149454707974948,1.0068355326461704
364,1.0103092783505154,1.0026779518589066,0.9888463258350624,0.9951359882358528,0.9937037273034393,0.9949789833695177,1.0045367906495697,0.9869276265026399,0.9946201506052808,0.9849504829633354
365,0.9649340813491911,0.9943486957427418,0.9977577018298989,0.9964647926985537,0.9885944464357178,1.003630425993972,0.9975829896331126,1.0053759480095288,0.9941151407035209,1.0011895442323078
366,0.9776319427121304,1.0062424007250765,1.0044210264780964,1.0077329520216114,0.9706847482701152,0.9997291440953413,1.0120336045374654,1.003578677286668,1.0179716325063188,0.9952644160333626
367,1.0017047775914467,1.0147956092964816,1.0028023738283363,1.0075276462976432,0.9991484739635745,0.9931138107962745,0.9971842194790047,0.9797333064602263,1.0057326621126013,1.0059547440902932
368,0.967255609195561,0.9962394118252106,1.0034414535358689,0.9850229036730414,0.9886881623899166,1.0042139647909913,1.0013934426229507,1.0012366917822815,0.9804847528003782,0.9929049937981473
369,0.9903184557201077,0.987591576618641,0.9909748993290499,0.9996423201730943,0.988171189110547,0.9849936398975055,0.9890555330360763,1.0081506541574503,0.999284303340872,0.9929549782710066
370,0.9838191000389576,1.0074979646781532,0.980707244046925,1.0011514055834738,0.9966177750719408,1.0049734887621742,0.9918146302677373,0.9844405859710159,0.9699121601937061,0.9988271968405836
371,0.9947488863174231,0.9931514230187217,0.9956141933692892,0.9810657712517713,1.0073601775436085,0.9875884653549256,0.9744723007334511,0.9989453423546557,0.9966571041077926,0.9838461655836839
372,0.9490790899241603,0.9997722248461197,1.0000812050391543,0.979980181752302,0.9749019807918727,0.9551049238781635,0.9629098264177902,0.9985781979554179,0.9695312290386627,0.9923664122137404
373,0.9773400848572195,0.9945774872706894,0.9932233277534829,1.0078709759712576,1.0100324256407096,0.9780452911026709,0.9994269549015274,1.01522264458765,0.9987137919022482,0.9954406833154426
374,0.9986253698041785,0.9798840215211706,0.9993550797971882,0.9895921299090686,1.0115569156395918,1.0101669695559743,0.9773457251569483,1.001794093175562,1.012672310865082,0.9981039060415081
375,0.9961027890121291,0.9970124194364283,1.0008471933482173,1.0048571140538878,0.9961188949119181,1.0042542542542543,1.0109369263630397,1.0000267391950444,0.9848683466716303,1.0142308161808895
376,1.0090339034748068,0.9967463399269322,1.0028321733789531,1.0114401577178618,1.0029461464141303,0.9882772163306739,0.9932365866459857,1.0142867108457256,0.9937324387479609,1.0061919742310699
377,1.0106337533985634,0.9955530067786238,0.995488983828093,1.00203628228806,0.98978565945055,0.9938550780159056,0.9978291400702195,1.003064977523498,0.9733891803717701,0.9934640055088861
378,1.0401072789556967,0.9920480938602035,1.0192118427044847,0.9970196655611627,0.9814843961893733,1.0013783236803004,1.0129847258713542,1.0062780737281107,0.9804735023698484,0.9996156568069795
379,1.0001117045652934,1.0218586210740936,0.9877544595856776,1.0077913756802839,0.9901996641302884,1.0017753109277308,0.9831166110771249,0.9977024337134164,1.0127680140861877,0.990106637341301
380,1.0040385634814222,0.9799032105332675,1.0014618100271542,0.9710738019235701,0.9970401825282437,0.9808929526111164,0.9903002977248293,0.9926151304483969,0.9775024923010905,0.9954544992157908
381,0.992650361262876,0.9498186998186998,0.9963989875202306,0.9945642929273042,1.0095056572678442,0.9963851938386853,0.9842603490986955,0.9962537435324575,0.9934043851520479,0.9673873429991343
382,1.0039128004471771,1.0004664305687447,0.9864298543204949,0.9904383082878655,0.9705368337155335,1.0156150687908538,0.9989689261211023,0.9956908741359277,1.0059276342608818,0.9989018363940646
383,0.9944413563090606,1.0112677534065782,1.0062653513265998,0.9940977504190692,1.0072753069500702,1.0059087103529196,0.9978994116468676,0.9970864271865105,0.9953329804211744,1.008862719801514
384,1.0234383604661643,1.0095633396057697,1.0103882859263826,1.0185082237560115,1.0085710160364953,1.0087418542487903,1.0235336993335893,1.028701630481699,1.013112522591918,1.043545232342847
385,0.977533142341917,0.9980330161922443,0.9989055730961187,1.0172115804143487,1.018907057050895,1.002240143314724,0.998349983936193,0.9965039911518764,0.9932693419841961,0.9904580152671756
386,1.006492766004955,0.9904550209205021,0.9918385203113355,1.0098488204158633,0.9802655328584288,1.0101579369859115,0.9845311032121099,0.9831526811397657,0.9985404950659545,0.9809060052902466
387,0.9890389456595875,1.0074956069096386,0.9969138472257014,1.0185694544527382,0.9856989721133846,0.9991960729448337,0.9965329730270449,0.9563737417294876,0.9950442036912017,0.987795902857039
388,0.9931823047717355,0.9958937073508993,0.9960477852490286,0.9902527372658221,0.9634705087115448,0.992866027025131,0.9847771018138051,0.9946579133680892,0.9599994984356995,0.9854227402005374
389,0.9761700818445039,1.0029737753937031,0.9923146432242151,0.9964387182183971,1.0009473092120704,0.9963713845059418,1.007376231381506,0.9858627769737766,1.0009399120369715,0.9931234383625523
390,1.0336180940900321,1.0017135024430153,1.002143851162704,0.9905700798121866,0.9861782051105227,1.0093317770980847,0.9977453343244824,1.0092343681267242,0.9926925986806473,0.9896130935269728
391,0.9969030108742629,0.9953556204615603,0.9993651665716128,1.0039320454141947,1.014348375780475,0.9971982702023983,1.0001560223051649,0.9969355702905435,1.00373182384246,0.9982123704748719
392,0.9907944937928084,1.0073747480557385,0.9722651191744197,0.9823688934201553,1.0054088557512948,1.0174599383192287,1.0254064311784208,0.9716873206808313,1.0254098405366783,1.001790830867261
393,0.9895890078732109,1.0247714366281235,0.9981518370097154,1.0061274511424505,0.9539898095881343,0.9981708370354175,0.9993459967921483,0.9998511145631642,1.0092122763002975,1.031400072466562
394,1.0185573710587643,1.0068042846186416,0.9890704321416598,0.9583741578303887,1.0092962589028103,0.9968596094368395,0.9946945806879237,0.9971426579996939,1.0096607023492088,1.0081937139926676
395,0.9990068148290239,0.9809786630532712,1.0098061840323163,0.9992737662051482,0.9919251848310884,0.9934084857477045,0.9820551540576673,1.0068248091023726,0.9998752003010792,1.004489383695598
396,0.9958241892384959,1.0162030972798461,0.9960927775488642,0.9967877329813533,0.9992339329193155,1.0119144727159177,1.0059409340228302,1.020487297041791,1.0082087477666213,1.0124999537612454
397,0.9892379343936114,0.9968563229836513,0.9858761698097621,1.0013655909261963,0.9844866989663695,1.0022965042102576,0.9845751896767981,0.9873263646147944,1.0035761222759567,0.9876543660917608
398,1.0192798054449448,0.993765194064195,0.9993584363500768,1.0058459865200793,1.0056919939526847,0.9866069302084907,1.002947384338422,1.0210113645988985,1.0125712865537908,0.9966442044254356
399,0.9837584216072165,0.993976790645046,1.0065336946521843,1.0014081038739855,0.9664193545042178,1.0019169281462001,1.0115981857172531,0.9993470119686547,0.9854593292481666,0.9940697714665382
400,1.0009820233650437,0.9620763371411717,0.9926845269210183,1.0011356400929774,0.9995754425087369,0.9876930985690707,0.9820808254043614,1.0054712342504795,1.011418725463226,0.9970435391999184
401,0.9963039196392801,0.9946206261239471,0.9974423406352688,1.024478444060912,1.0,0.9937119614403584,1.007267749437668,0.9934391892153493,0.9853233333258121,1.0029652273785896
402,0.9727186343872855,1.011006655650316,1.012105542658764,1.002863229189497,1.001096799372875,1.000792812846387,0.9914789558774659,1.0249312092426923,0.9984904303806396,0.982877915457081
403,1.0025442854289417,0.9940019440245127,1.0111239039044457,1.0132900933419813,1.0178622508545663,1.027807474197065,1.000714109372294,1.0229832519978668,1.0116644644095496,1.042537078337572
404,0.9967243908060831,0.9953876903731923,0.9724873666479505,1.012841463547405,1.0116254583151154,0.9953363656918985,0.9930339130066393,1.0077293384232364,0.9961990841946978,1.0049617854693464
405,0.9838860592508648,0.9897414563165647,1.0001123273560983,0.9926834867327613,0.9925804893848746,0.9871396752761137,0.986286341195831,1.001732606600019,0.980041987436277,0.9757914338919925
406,1.0386567862778255,1.0219788890891273,0.96901975496664,1.0351308774919386,1.0057286465287263,0.9709926289250104,1.0267530273162488,1.0216991298360656,1.0267216148217373,1.0318984911744153
407,0.970449530998895,1.0042818342867408,0.9972506136857419,1.0021828116524216,0.9837858552820192,1.0298739354047455,0.9893569732275845,0.9922603090958103,0.9840348330914369,0.9626341988824898
408,1.0057967960273626,1.0082670654794463,1.0100854536763566,0.995737746762755,0.9493715166378743,0.9893559088370045,0.9988172925579181,1.0180642510962759,1.002121541670593,1.0104672440858644
409,0.9629554445831685,1.002446737392298,0.9767641593853063,0.9852398401222013,1.0064513825472308,0.9936540613418919,0.9691073223225122,1.0023244845293506,0.9703427371771663,0.9907407407407407
410,0.9770923878799822,1.0001183910660547,1.0212137602230271,1.0549271983077042,0.9976739138978369,0.9995083095801005,1.0205598079343787,1.005321436704736,1.0311584374607334,1.002227194198624
